<?xml version="1.0" encoding="UTF-8"?>
<senales>
   <senal nombre="Prueba1" t="3" A="3">
      <dato t="1" A="1">2</dato>
      <dato t="1" A="2">3</dato>
      <dato t="1" A="3">0</dato>
      <dato t="2" A="1">1</dato>
      <dato t="2" A="2">2</dato>
      <dato t="2" A="3">6</dato>
      <dato t="3" A="1">3</dato>
      <dato t="3" A="2">4</dato>
      <dato t="3" A="3">0</dato>
   </senal>
   <senal nombre="Prueba2" t="2" A="2">
      <dato t="1" A="1">2</dato>
      <dato t="1" A="2">3</dato>
      <dato t="2" A="1">1</dato>
      <dato t="2" A="2">1</dato>
   </senal>
    <senal nombre="Senal3" t="4" A="1">
      <dato t="1" A="1">2</dato>
      <dato t="2" A="1">3</dato>
      <dato t="3" A="1">0</dato>
      <dato t="4" A="1">0</dato>
   </senal>
</senales>