<?xml version="1.0" encoding="UTF-8"?>
<project-private xmlns="http://www.netbeans.org/ns/project-private/1">
    <editor-bookmarks xmlns="http://www.netbeans.org/ns/editor-bookmarks/2" lastBookmarkId="0"/>
    <open-files xmlns="http://www.netbeans.org/ns/projectui-open-files/2">
        <group>
            <file>file:/home/jhonatan/NetBeansProjects/Tutoria1/taller4/Proyecto1/src/proyecto1/VHistorial.java</file>
            <file>file:/home/jhonatan/NetBeansProjects/Tutoria1/taller4/Proyecto1/src/proyecto1/Historial.java</file>
            <file>file:/home/jhonatan/NetBeansProjects/Tutoria1/taller4/Proyecto1/src/proyecto1/Login.java</file>
            <file>file:/home/jhonatan/NetBeansProjects/Tutoria1/taller4/Proyecto1/src/proyecto1/MenuPrincipal1.java</file>
            <file>file:/home/jhonatan/NetBeansProjects/Tutoria1/taller4/Proyecto1/src/proyecto1/Cuentas.java</file>
            <file>file:/home/jhonatan/NetBeansProjects/Tutoria1/taller4/Proyecto1/src/proyecto1/Clientes.java</file>
        </group>
    </open-files>
</project-private>
